Warehouse_block,returned,Return_%
a,0.4135297326786688,41.35
c,0.40316421167484995,40.32
d,0.40239912758996726,40.24
f,0.4015275504637207,40.15
b,0.397708674304419,39.77
