Mode_of_Shipment,returned,Return_%
road,0.4119318181818182,41.19
ship,0.4024390243902439,40.24
flight,0.3984243106359032,39.84
