Product_importance,returned,Return_%
medium,0.40954985275557426,40.95
low,0.4072116292240891,40.72
high,0.350210970464135,35.02
